country,date,gdp,population,inflation,poverty,unemployment,life_expectancy,literacy
Botswana,2025,19928479839.4476,2562122.0,2.6597506179431,,24.477,,
Botswana,2024,19286251067.5078,2521139.0,2.81835131676251,,23.81,69.293,
Botswana,2023,19413614554.6944,2480244.0,5.0676154934383,,23.381,69.163,
Botswana,2022,20321150599.1523,2439892.0,11.665567478802,,23.615,68.749,
Botswana,2021,18750182236.2211,2401441.0,7.24097765588442,,23.106,63.303,
Botswana,2020,14960251607.8135,2365894.0,1.8903591682421,,21.017,67.643,
Botswana,2019,16725908148.5481,2332083.0,2.77286442863321,,20.094,67.167,
Botswana,2018,17031943186.1353,2299141.0,3.23801558947715,,19.665,66.371,
Botswana,2017,16105155856.7708,2266747.0,3.30828076768219,,19.671,65.42,
Botswana,2016,15082637184.0496,2234776.0,2.81495791361944,,19.328,64.32,
Botswana,2015,13530748844.505,2203273.0,3.06203169580558,21.4,18.915,63.215,
Botswana,2014,15470088500.7414,2172044.0,4.40225309243427,,18.484,62.167,
Botswana,2013,14271738933.2042,2140682.0,5.88460707056817,,18.167,61.217,
Botswana,2012,13907464500.1489,2108617.0,7.53690261091916,,17.916,60.384,
Botswana,2011,15110643612.1729,2073535.0,8.45987233408583,,18.049,59.715,
Botswana,2010,12637273429.1339,2033111.0,6.94887658743103,,17.86,59.137,
Botswana,2009,10118459242.3183,1990673.0,8.02729703109582,21.1,16.169,58.297,
Botswana,2008,10730829116.4105,1949970.0,12.7021883920076,,16.293,57.661,
Botswana,2007,10567270655.5027,1911201.0,7.08099847172693,,16.976,56.735,
Botswana,2006,9919158482.41085,1874516.0,11.5552187914379,,17.782,55.112,
Botswana,2005,9918907108.09702,1839877.0,8.6102252854644,,19.852,54.386,
Botswana,2004,8957467706.5354,1807146.0,6.94570363654675,,21.755,53.573,
Botswana,2003,7511582173.37724,1775736.0,9.18990265632739,,23.8,52.851,81.1900024414062
Botswana,2002,5438863982.88692,1744763.0,8.03279662527486,34.8,21.277,52.373,
Botswana,2001,5489608299.66445,1712254.0,6.55903767014862,,18.54,52.21,
Botswana,2000,5788329609.15755,1677382.0,8.60148514851491,,15.88,52.263,
Botswana,1999,5484263346.88105,1641997.0,7.74929619202848,,18.224,52.499,
Botswana,1998,4790481509.17679,1606899.0,6.66139865665752,,20.86,52.968,
Botswana,1997,5020265626.66489,1571691.0,8.71993127147747,,21.031,53.594,
Botswana,1996,4847757217.75815,1535914.0,10.0828580652108,,21.593,54.284,
Botswana,1995,4730599121.92704,1498836.0,10.512546081579,,21.394,54.713,
Botswana,1994,4259259604.15623,1460023.0,10.5429209938218,,21.2,55.97,
Botswana,1993,4160129174.70569,1420115.0,14.3308033365888,42.1,18.761,57.316,
Botswana,1992,4146464586.61674,1380033.0,16.1676123963339,,16.33,58.19,
Botswana,1991,3942876703.45184,1341756.0,11.7650160839535,,13.82,58.911,68.5800018310547
Botswana,1990,3790636324.44775,1305696.0,11.3963461199556,,,60.104,
Botswana,1989,3083822112.02023,1270274.0,11.5750147473285,,,61.189,
Botswana,1988,2644554158.72794,1235476.0,8.35167956821219,,,61.696,
Botswana,1987,1965226890.04557,1199167.0,9.80193387398675,,,62.837,
Botswana,1986,1392602163.53829,1160650.0,10.0017155606022,,,63.363,
Botswana,1985,1114783342.71539,1121945.0,8.09457579975941,50.1,,63.647,
Botswana,1984,1240822167.43571,1083660.0,8.57746904251906,,,63.706,
Botswana,1983,1172230396.58099,1046137.0,10.4771438105237,,,63.605,
Botswana,1982,1014945695.71927,1009269.0,11.1372064274689,,,63.382,
Botswana,1981,1073812830.30052,969996.0,16.4280267725712,,,63.027,
Botswana,1980,1060889703.75374,937485.0,13.6324251470895,,,62.527,
Botswana,1979,819870258.783053,901742.0,11.7362306367885,,,62.035,
Botswana,1978,590407374.447116,849239.0,9.04398827010362,,,61.485,
Botswana,1977,451624780.274597,799574.0,13.1687242801079,,,60.867,
Botswana,1976,372025093.006273,758508.0,11.732423613642,,,60.209,
Botswana,1975,355168571.536751,720380.0,11.9747550240953,,,59.53,
Botswana,1974,306044207.530203,685448.0,,,,58.914,
Botswana,1973,244124164.042218,652408.0,,,,58.286,
Botswana,1972,164460914.977201,622407.0,,,,57.669,
Botswana,1971,127448613.505061,600481.0,,,,57.062,
Botswana,1970,96243233.6609837,590334.0,,,,56.446,
Botswana,1969,77361546.5067537,587066.0,,,,55.903,
Botswana,1968,66248441.4182466,583966.0,,,,55.372,
Botswana,1967,58642354.089673,580933.0,,,,54.859,
Botswana,1966,51465655.3921083,577866.0,,,,54.36,
Botswana,1965,45788696.3343915,574664.0,,,,53.853,
Botswana,1964,41616347.7906865,566266.0,,,,53.358,
Botswana,1963,38091842.8546863,552966.0,,,,52.848,
Botswana,1962,35644956.6430429,540186.0,,,,52.313,
Botswana,1961,32902612.8664855,527942.0,,,,51.781,
Botswana,1960,30411413.6552828,516165.0,,,,51.22,
Kenya,2025,135941278878.815,57532493.0,4.06912878540729,,5.449,,
Kenya,2024,120397537849.826,56432944.0,4.48978854243448,,5.487,63.834,
Kenya,2023,107500884685.013,55339003.0,7.67139634029402,,5.409,63.646,
Kenya,2022,114448978152.637,54252461.0,7.65986268272224,45.5,5.565,63.549,
Kenya,2021,109703658904.994,53219166.0,6.10793603659176,46.4,5.693,61.225,
Kenya,2020,100657505750.545,52217334.0,5.40516207933392,44.4,5.613,61.596,
Kenya,2019,100378436207.371,51202827.0,5.23963795764792,,5.014,62.939,
Kenya,2018,92202979985.2863,50207107.0,4.6898064677633,,4.284,62.825,
Kenya,2017,82036510877.2599,49197766.0,8.00564967709945,,3.542,62.725,
Kenya,2016,74815144163.8931,48139687.0,6.29724953814625,,2.757,62.526,
Kenya,2015,70120446896.8359,47088526.0,6.58215429284779,37.7,2.762,62.279,
Kenya,2014,68285796514.2896,46051440.0,6.87815499275949,,2.767,61.99,
Kenya,2013,61671440407.8387,44986791.0,5.71749357037733,,2.762,61.729,
Kenya,2012,56396704671.5777,43888303.0,9.37777003547598,,2.678,61.537,
Kenya,2011,46869473150.61,42758461.0,14.0224913014704,,2.699,61.283,
Kenya,2010,45405615063.7551,41598567.0,3.96138889115385,,2.793,60.915,
Kenya,2009,42347217912.9176,40408891.0,9.23412592394652,,2.816,60.483,
Kenya,2008,35895153327.8497,39206351.0,26.2398166445063,,2.751,59.955,
Kenya,2007,31958195182.2406,38036349.0,9.75888023027529,,2.642,59.407,
Kenya,2006,25825512284.2891,36904008.0,14.4537342081708,,2.673,59.059,
Kenya,2005,18737895512.7378,35796484.0,10.3127783574683,44.6,2.739,58.51,
Kenya,2004,16095337093.8366,34713455.0,11.6240355442426,,2.844,57.947,
Kenya,2003,14904517649.8476,33652223.0,9.81569062979654,,2.869,57.369,
Kenya,2002,13147736898.5176,32629808.0,1.96130821739162,,2.916,56.759,
Kenya,2001,12986007425.8781,31619170.0,5.73859814341467,,2.876,56.501,
Kenya,2000,12705350097.8044,30642890.0,9.98002515350979,,2.884,56.084,82.2300033569336
Kenya,1999,12896010459.3711,29733408.0,5.74200109520484,,2.884,55.866,
Kenya,1998,14093998843.7334,28888057.0,6.72243650753928,,2.843,55.568,
Kenya,1997,13115764358.2846,28101768.0,11.3618450505783,32.6,2.818,55.478,
Kenya,1996,12045865396.1323,27344211.0,8.86408741577522,,2.773,55.575,
Kenya,1995,9046320255.40507,26601751.0,1.55432816055009,,2.848,55.856,
Kenya,1994,7148148564.04239,25857130.0,28.8143894306731,32.0,2.955,56.101,
Kenya,1993,5751786642.55871,25117188.0,45.9788813036218,,2.979,56.668,
Kenya,1992,8209120763.04955,24382460.0,27.3323644475784,32.0,2.894,57.095,
Kenya,1991,8151488783.19064,23646514.0,20.0844955754632,,2.78,57.826,
Kenya,1990,8572359038.16958,22892651.0,17.78181442992,,,58.334,
Kenya,1989,8283114514.17081,22118434.0,13.7893172763883,,,59.99,
Kenya,1988,8355380879.12955,21356219.0,12.2649630481582,,,60.32,
Kenya,1987,7970820369.2949,20616096.0,8.63767318980084,,,60.721,
Kenya,1986,7239126568.14092,19901646.0,2.53427598892888,,,60.818,
Kenya,1985,6135034213.78998,19201768.0,13.0065664218827,,,60.856,
Kenya,1984,6191437070.18411,18514906.0,10.284098213138,,,60.611,
Kenya,1983,5979198313.76093,17846374.0,11.3977827368523,,,60.342,
Kenya,1982,6431579356.95926,17206175.0,20.6667146662827,,,59.904,
Kenya,1981,6854491705.88377,16601507.0,11.6030534351142,,,59.562,
Kenya,1980,7265315820.20777,16018459.0,13.8581814562484,,,59.175,
Kenya,1979,6234391113.46434,15460666.0,7.97935261848786,,,58.691,
Kenya,1978,5303735110.55151,14934126.0,16.9317824582842,,,58.234,
Kenya,1977,4494378764.32011,14428819.0,14.8209644818935,,,57.684,
Kenya,1976,3474542391.69992,13957623.0,11.4490304932756,,,57.153,
Kenya,1975,3259345083.26283,13511671.0,19.1201840136051,,,56.62,
Kenya,1974,2969958812.01648,13070078.0,17.8099480331818,,,56.039,
Kenya,1973,2509001324.34591,12634835.0,9.28119422332106,,,55.5,
Kenya,1972,2107279157.08834,12206060.0,5.83164474311005,,,55.013,
Kenya,1971,1778391288.64348,11788904.0,3.78020612544907,,,54.543,
Kenya,1970,1603447358.62106,11368791.0,2.18852703907439,,,54.143,
Kenya,1969,1458379416.64823,10939695.0,-0.17150100656233,,,53.734,
Kenya,1968,1353295458.68182,10518823.0,0.366711570051019,,,53.302,
Kenya,1967,1232559506.9762,10111057.0,1.75919579598299,,,52.796,
Kenya,1966,1164519674.19213,9717816.0,5.01439539323414,,,52.383,
Kenya,1965,997919320.832272,9338078.0,3.57852882806742,,,51.886,
Kenya,1964,998759334.496266,8973535.0,-0.0993048669314341,,,51.323,
Kenya,1963,926589349.36426,8627971.0,0.697674418604589,,,50.758,
Kenya,1962,868111400.75544,8299308.0,3.11750599520378,,,50.104,
Kenya,1961,792959472.816211,7987770.0,2.45700245700254,,,49.33,
Kenya,1960,791265459.493816,7695307.0,1.24378109452731,,,48.477,
Namibia,2025,15080340653.5276,3092816.0,3.51074539609587,,19.291,,
Namibia,2024,13641190683.4641,3030131.0,4.23903922877036,,19.157,67.516,
Namibia,2023,12522012873.7957,2963095.0,5.87993463284275,,19.154,67.385,87.6399993896484
Namibia,2022,12569449123.3661,2889662.0,6.08128114112413,,19.615,64.19,
Namibia,2021,12402486183.6396,2810548.0,3.61690530108814,,20.931,60.85,
Namibia,2020,10583748541.5258,2728762.0,2.20938236933469,,21.003,64.071,
Namibia,2019,12541928303.48,2650494.0,3.72239414422695,,19.929,63.546,
Namibia,2018,13682019076.4022,2577327.0,4.29159105337875,,19.877,62.579,88.2832376600657
Namibia,2017,12895153370.9132,2506853.0,6.14579981111164,,21.748,61.661,
Namibia,2016,10722018732.0936,2439213.0,6.72858234593338,,23.352,60.81,88.1304979203867
Namibia,2015,11335161083.5061,2374300.0,3.39401538410559,22.9,20.791,60.008,
Namibia,2014,12435430969.6301,2312139.0,5.35016966859602,,18.521,59.311,
Namibia,2013,12043307277.1235,2252508.0,5.60092502290401,,19.028,58.468,
Namibia,2012,13042053591.6857,2194654.0,6.72199777334886,,16.771,57.733,
Namibia,2011,12523359440.5499,2146325.0,5.005595180812,,19.481,56.647,88.2699966430664
Namibia,2010,11431412421.1316,2109811.0,4.8749198764395,,22.12,56.093,
Namibia,2009,8938847189.07592,2077394.0,9.45172651521705,38.6,22.271,55.347,
Namibia,2008,8607431497.49471,2047056.0,9.0946430719281,,22.005,54.74,
Namibia,2007,8839536475.99963,2018600.0,6.54788141101717,,22.12,54.026,
Namibia,2006,8001779551.06323,1991888.0,4.96116689298916,,21.848,53.183,
Namibia,2005,7248374837.72056,1966582.0,2.28194607024307,,22.108,52.557,
Namibia,2004,6609205994.77406,1942082.0,4.13663213144748,,22.09,52.175,
Namibia,2003,4926439383.51425,1917464.0,7.1361531145863,47.6,22.104,51.918,
Namibia,2002,3349169826.38896,1889970.0,,,21.538,51.988,
Namibia,2001,3557341215.15159,1857048.0,,,21.009,51.98,84.9400024414062
Namibia,2000,3922232164.83175,1818647.0,,,20.3,52.946,
Namibia,1999,3868551730.39163,1776368.0,,,21.668,53.983,
Namibia,1998,3873109865.55683,1732745.0,,,23.083,54.767,
Namibia,1997,4154989950.00393,1689264.0,,,24.45,55.844,
Namibia,1996,3989163196.56767,1646103.0,,,22.844,56.639,
Namibia,1995,3978514206.31168,1602170.0,,,21.34,57.518,
Namibia,1994,3666503529.62911,1556304.0,,,19.4,58.441,
Namibia,1993,3251188833.14533,1508697.0,,60.3,19.078,59.26,
Namibia,1992,3429521699.4026,1461322.0,,,18.896,60.16,
Namibia,1991,2996869281.48364,1415684.0,,,19.14,60.833,75.8199996948242
Namibia,1990,2789921853.53112,1369303.0,,,,61.359,
Namibia,1989,2535135797.50766,1288947.0,,,,60.773,
Namibia,1988,2495094746.44024,1209696.0,,,,59.033,
Namibia,1987,2300068216.96898,1167889.0,,,,59.123,
Namibia,1986,1809048527.11034,1131081.0,,,,58.725,
Namibia,1985,1608237350.44365,1096890.0,,,,58.472,
Namibia,1984,1951260037.94542,1065989.0,,,,58.097,
Namibia,1983,2297400687.55049,1037511.0,,,,57.637,
Namibia,1982,2118710248.32937,1010308.0,,,,57.335,
Namibia,1981,2249908578.03115,992500.0,,,,56.912,
Namibia,1980,2421990338.12083,981434.0,,,,56.572,
Namibia,1979,,962825.0,,,,59.519,
Namibia,1978,,947269.0,,,,59.111,
Namibia,1977,,931104.0,,,,58.586,
Namibia,1976,,906566.0,,,,58.041,
Namibia,1975,,881032.0,,,,57.55,
Namibia,1974,,854320.0,,,,56.943,
Namibia,1973,,828928.0,,,,56.422,
Namibia,1972,,804399.0,,,,55.845,
Namibia,1971,,780584.0,,,,55.289,
Namibia,1970,,757868.0,,,,54.686,
Namibia,1969,,736120.0,,,,54.126,
Namibia,1968,,715542.0,,,,53.553,
Namibia,1967,,696045.0,,,,52.933,
Namibia,1966,,677655.0,,,,52.301,
Namibia,1965,,660558.0,,,,51.997,
Namibia,1964,,644530.0,,,,51.349,
Namibia,1963,,629589.0,,,,50.641,
Namibia,1962,,615759.0,,,,49.972,
Namibia,1961,,603067.0,,,,49.242,
Namibia,1960,,591465.0,,,,48.529,
Rwanda,2025,16372132990.2271,14569341.0,5.913000168826,,11.363,,
Rwanda,2024,15111064181.9687,14256567.0,1.77029240198635,,11.331,68.017,
Rwanda,2023,14806501437.282,13954471.0,19.789546746467,38.6,12.352,67.785,
Rwanda,2022,13747404814.2677,13651030.0,17.6892095588153,,15.084,67.528,78.7600021362305
Rwanda,2021,11252894909.5043,13355260.0,-0.391346748300791,,15.775,66.85,
Rwanda,2020,10487146253.4025,13065837.0,9.85039902274207,,11.829,66.953,80.0500030517578
Rwanda,2019,10519272170.3346,12776103.0,3.34787655037648,,11.236,66.691,
Rwanda,2018,9650161136.17648,12487996.0,-0.311210160390699,,10.759,66.354,73.2200012207031
Rwanda,2017,9164345443.2575,12202060.0,8.27953672260832,,11.875,66.14,
Rwanda,2016,8596812240.52305,11919183.0,7.17434301982009,63.8,11.788,65.733,
Rwanda,2015,8447064078.84373,11640022.0,2.52850284192421,,11.831,65.419,
Rwanda,2014,8129984483.78727,11364757.0,2.35449052820358,,11.837,65.088,70.8000030517578
Rwanda,2013,7714276919.73722,11093340.0,5.92426867984854,65.2,11.768,64.651,
Rwanda,2012,7556673275.95438,10829901.0,10.2710182318876,,11.671,64.189,68.3300018310547
Rwanda,2011,6802676033.65947,10573733.0,3.0801706924026,,11.756,63.476,
Rwanda,2010,6052276077.6354,10317553.0,-0.246128693436934,70.2,11.637,62.804,
Rwanda,2009,5603399014.71331,10060432.0,12.9443978401712,,11.625,61.813,
Rwanda,2008,5120655375.24365,9804269.0,15.4382138709255,,11.517,60.641,
Rwanda,2007,4017977506.55904,9549933.0,9.08072205873158,,11.58,59.504,
Rwanda,2006,3274207945.36553,9299246.0,8.88282654777923,,11.586,58.342,
Rwanda,2005,2933819766.17656,9054528.0,9.01408918092339,74.2,11.842,56.968,
Rwanda,2004,2376496067.01198,8816844.0,12.2507102894391,,11.699,55.52,
Rwanda,2003,2138237278.73822,8586875.0,7.44970014007366,,11.658,53.529,
Rwanda,2002,1966003468.49117,8400180.0,1.99258542453993,,11.432,51.262,
Rwanda,2001,1966600715.49841,8287094.0,3.34285506749409,,11.732,49.49,
Rwanda,2000,2068836754.37431,8213931.0,3.89952980284712,82.3,11.699,47.798,64.8899993896484
Rwanda,1999,2157108262.84452,8147912.0,-2.40593209742259,,11.569,45.749,
Rwanda,1998,1989343546.17594,8081681.0,6.2100670945581,,11.255,43.099,
Rwanda,1997,1851558197.31088,7755238.0,12.0154225195686,,11.087,41.978,
Rwanda,1996,1382334879.40812,6708764.0,7.41137173526642,,11.507,42.486,
Rwanda,1995,1293535193.49248,5674118.0,,,11.938,41.518,
Rwanda,1994,753636370.454545,6792352.0,,,12.236,12.158,
Rwanda,1993,1971525711.83511,7981132.0,12.3543887630448,,12.155,42.937,
Rwanda,1992,2029026961.55894,7683266.0,9.56041187600816,,12.114,44.397,
Rwanda,1991,1911600236.67461,7526966.0,19.6371658148373,,12.335,46.243,57.8499984741211
Rwanda,1990,2550185679.11415,7375307.0,4.18576372649948,,,47.763,
Rwanda,1989,2405022593.08283,7184706.0,1.01027824831114,,,49.485,
Rwanda,1988,2395492686.81271,6968071.0,2.97864355658034,,,50.914,
Rwanda,1987,2157432667.64396,6749493.0,4.13301490809125,,,51.465,
Rwanda,1986,1944710683.89669,6531881.0,-1.11706657280676,,,51.706,
Rwanda,1985,1715626330.61697,6317228.0,1.75933005651688,,,51.704,
Rwanda,1984,1587413083.94118,6107627.0,5.36957038827376,,,51.445,
Rwanda,1983,1479687586.9621,5905311.0,6.59300214307078,,,50.944,
Rwanda,1982,1407243139.27274,5711549.0,12.5651365334134,,,50.188,
Rwanda,1981,1407062526.93345,5527230.0,6.4506644718119,,,49.216,
Rwanda,1980,1254765641.53743,5353259.0,7.24939299325274,,,48.122,
Rwanda,1979,1109346130.96703,5189541.0,15.6733294423726,,,47.087,
Rwanda,1978,905709076.434772,5035171.0,13.2705337973878,,,46.165,38.2400016784668
Rwanda,1977,746650613.044475,4888240.0,13.6551465066428,,,45.579,
Rwanda,1976,637753853.133788,4745954.0,7.1658615138318,,,45.312,
Rwanda,1975,571863500.256072,4607728.0,30.2260465749065,,,45.324,
Rwanda,1974,308458423.187853,4474228.0,31.0882993654484,,,45.566,
Rwanda,1973,290746157.14969,4345047.0,9.3736740756774,,,45.944,
Rwanda,1972,246457838.339876,4220335.0,3.092193808935,,,46.343,
Rwanda,1971,222952504.408961,4100044.0,0.488580074222891,,,46.755,
Rwanda,1970,219900006.002851,3980669.0,0.514885808022463,,,47.116,
Rwanda,1969,188700037.002446,3861271.0,0.484939553317571,,,47.437,
Rwanda,1968,172200018.002233,3744010.0,3.16193697269933,,,47.731,
Rwanda,1967,159560018.002069,3629577.0,1.45292730022852,,,47.987,
Rwanda,1966,124525702.858758,3521626.0,,,,48.084,
Rwanda,1965,148799980.001929,3423210.0,,,,48.203,
Rwanda,1964,129999994.001685,3334834.0,,,,48.131,
Rwanda,1963,128000000.001659,3258890.0,,,,43.998,
Rwanda,1962,125000008.001621,3186025.0,,,,47.802,
Rwanda,1961,122000016.001582,3106779.0,,,,47.458,
Rwanda,1960,119000024.001543,3022294.0,,,,47.022,
Tanzania,2025,90143496090.4411,70545865.0,3.32697361316105,,1.572,,
Tanzania,2024,79235713444.9777,68560157.0,3.05694676312373,,1.557,67.212,
Tanzania,2023,79030935638.1317,66617606.0,3.79923291384916,,1.565,66.995,
Tanzania,2022,75749121846.9703,64711821.0,4.35027204269101,,1.573,66.879,78.2099990844727
Tanzania,2021,70655628147.8986,62830412.0,3.69091958802199,,1.876,66.131,
Tanzania,2020,66068737786.0639,60972798.0,3.29029062798325,,1.792,66.771,82.2361019196766
Tanzania,2019,61026731925.9213,59174891.0,3.46428057999021,,1.735,66.007,
Tanzania,2018,57003712892.0858,57437145.0,3.49445848856181,51.3,1.792,65.488,
Tanzania,2017,53274884532.7886,55652890.0,5.31871605228931,,1.854,64.963,
Tanzania,2016,49774409374.4538,53824013.0,5.17476629301493,,1.931,64.404,
Tanzania,2015,47413919817.124,52020962.0,5.58816952959298,,2.009,63.928,77.8899993896484
Tanzania,2014,49986726460.6805,50351512.0,6.13161432988012,,2.125,63.364,79.8949432291161
Tanzania,2013,45648857242.315,48824128.0,7.87072364573959,,2.93,62.788,
Tanzania,2012,39650394362.9287,47374260.0,16.0010938506338,,3.223,62.286,78.0999984741211
Tanzania,2011,34657140096.4836,46029367.0,12.6909694699162,51.5,3.47,61.618,
Tanzania,2010,32012892919.37,44758488.0,6.20015595647403,,3.03,61.127,
Tanzania,2009,29400573553.6075,43633982.0,12.1422278742988,,2.5,60.494,
Tanzania,2008,27947821397.9272,42570728.0,10.2783937621135,,2.775,59.896,
Tanzania,2007,21860434823.4808,41435512.0,7.02551436974771,61.9,3.023,59.26,
Tanzania,2006,18619859795.2852,40294902.0,7.25097262082546,,3.299,58.512,
Tanzania,2005,18395383647.4975,39182076.0,5.03457009267163,,3.193,57.675,
Tanzania,2004,16673062473.3981,38109668.0,4.73580143949058,,3.105,56.836,
Tanzania,2003,15211487708.7684,37089555.0,5.30356621509782,,3.053,55.929,
Tanzania,2002,14129651895.6911,36121304.0,5.31783366118203,,3.023,54.94,69.4300003051758
Tanzania,2001,13563990022.3641,35198299.0,5.14746800222618,,2.994,54.124,
Tanzania,2000,13371767081.7428,34260139.0,5.92396109637479,86.9,3.129,53.244,
Tanzania,1999,12704334195.8151,33300330.0,7.89043336058877,,3.219,52.399,
Tanzania,1998,12172790056.3733,32420458.0,12.7997540479609,,3.283,51.807,
Tanzania,1997,11158197941.9152,31578089.0,16.0906549283201,,3.342,51.246,
Tanzania,1996,9433528150.36609,30945762.0,20.9772596430629,,3.475,51.132,
Tanzania,1995,7631431840.49992,30383497.0,27.4277854195323,,3.672,51.005,
Tanzania,1994,6550480483.9385,29442356.0,34.0833640722984,,3.861,51.077,
Tanzania,1993,6182872707.82523,28332692.0,25.277264325323,,3.892,51.215,
Tanzania,1992,6681997469.31292,27457588.0,21.8468468468473,,3.683,51.432,
Tanzania,1991,7197768158.58347,26780436.0,28.695652173913,73.5,3.6,51.837,
Tanzania,1990,6184384225.02712,26110207.0,35.8267716535433,,,51.985,
Tanzania,1989,6418799006.80247,25438759.0,25.8498382611657,,,52.09,
Tanzania,1988,7406614407.46127,24769686.0,31.1867182846932,,,52.224,59.1100006103516
Tanzania,1987,7824193222.11908,24030378.0,29.9493695378761,,,52.182,
Tanzania,1986,10840864521.2338,23258959.0,32.4322015801837,,,52.207,
Tanzania,1985,15328295175.4067,22501693.0,33.2821038251368,,,52.184,
Tanzania,1984,12906635133.1557,21779066.0,36.1459415056028,,,52.151,
Tanzania,1983,14049883809.0089,21079874.0,27.0559275305238,,,52.178,
Tanzania,1982,13927383239.8322,20398571.0,28.9323346451693,,,51.99,
Tanzania,1981,13161540377.5792,19784703.0,25.6500239272612,,,51.703,
Tanzania,1980,11409228086.7463,19189769.0,30.197300103842,,,51.272,
Tanzania,1979,9804637490.81892,18592038.0,12.9486277269529,,,50.791,
Tanzania,1978,9261675709.83072,17976566.0,6.57500000000009,,,50.351,
Tanzania,1977,7732598995.10303,17352929.0,11.6041381030119,,,49.969,
Tanzania,1976,6472511987.84735,16736211.0,6.85935002653251,,,49.459,
Tanzania,1975,5729917839.54264,16138361.0,26.0577568841573,,,48.922,
Tanzania,1974,4977337978.35959,15561630.0,19.5983935742148,,,48.422,
Tanzania,1973,4144104535.49655,15010101.0,10.3968078032167,,,47.912,
Tanzania,1972,3472787266.0964,14479308.0,7.63540921001038,,,47.436,
Tanzania,1971,3050673517.33059,13971451.0,4.77500000002375,,,46.972,
Tanzania,1970,2851419386.07225,13492677.0,3.49288486418357,,,46.495,
Tanzania,1969,5142066811.47328,13036700.0,16.4156626499998,,,46.043,
Tanzania,1968,4895251824.05927,12602076.0,15.5988857954827,,,45.626,
Tanzania,1967,4565132047.52718,12200109.0,12.1874999984368,,,45.163,
Tanzania,1966,4377998825.12047,11827459.0,9.77701543927596,,,44.941,
Tanzania,1965,3817226546.22938,11470728.0,,,,44.542,
Tanzania,1964,3748840925.06363,11127826.0,,,,44.075,
Tanzania,1963,3456579293.44828,10799528.0,,,,43.616,
Tanzania,1962,3101589992.664,10487756.0,,,,43.215,
Tanzania,1961,2826179031.22839,10187886.0,,,,42.841,
Tanzania,1960,2651729807.38808,9901419.0,,,,42.596,
Uganda,2025,61985829288.1496,51384894.0,3.58082784438067,,2.746,,
Uganda,2024,53911907079.0485,50015092.0,3.32338033691819,,2.74,68.487,77.0400009155273
Uganda,2023,48768955863.3175,48656601.0,5.35094804280395,,2.754,68.252,80.5100021362305
Uganda,2022,45565333210.9108,47312719.0,7.1957888597581,,2.885,67.675,
Uganda,2021,40529788748.6737,45910930.0,2.20457204757414,,3.416,66.45,79.0476540680567
Uganda,2020,37600368241.6657,44457152.0,3.31332289544502,,3.819,66.41,
Uganda,2019,35353061003.4359,42999637.0,2.867588034469,59.8,3.057,66.354,
Uganda,2018,32927025619.6795,41565831.0,2.61601190952274,,3.249,65.775,
Uganda,2017,30744473841.424,40177388.0,5.20971705914209,,3.428,65.174,
Uganda,2016,29203988696.2626,38799152.0,5.70637504616212,60.1,3.002,64.494,69.0999984741211
Uganda,2015,32387183730.1002,37531446.0,5.58968606251725,,2.681,63.831,
Uganda,2014,32612397257.4458,36395539.0,3.07570668958641,,2.357,63.057,68.5100021362305
Uganda,2013,28915786516.6123,35337042.0,4.90520875694557,,1.91,62.353,
Uganda,2012,27305915910.7877,34337438.0,12.6790377224659,56.2,3.551,61.579,70.1999969482422
Uganda,2011,27871725241.4723,33354543.0,16.5643496174515,,3.523,60.791,
Uganda,2010,26673441430.7857,32390802.0,3.97655288478168,,3.623,59.959,73.2099990844727
Uganda,2009,25127805566.6584,31451151.0,13.0172561889185,63.5,3.6,59.157,
Uganda,2008,14440404132.2047,30539553.0,12.0508555482886,,3.035,58.253,
Uganda,2007,11902564494.8833,29653430.0,6.1385108328505,,2.667,57.248,
Uganda,2006,9977647682.96954,28794003.0,7.31067613561864,,2.264,56.118,71.370002746582
Uganda,2005,9239221763.05793,27963289.0,8.44872642299532,72.4,1.9,54.926,
Uganda,2004,7939487547.77384,27154515.0,3.72128743978228,,2.699,53.699,
Uganda,2003,6606884275.23087,26352124.0,8.68047651566884,,3.6,52.414,
Uganda,2002,6178563591.12051,25532870.0,-0.287508511765196,78.6,3.5,51.443,68.1399993896484
Uganda,2001,5840503868.51573,24745676.0,1.86512524084773,,3.522,50.576,
Uganda,2000,6193246837.09687,24000150.0,3.39202158512998,,3.531,49.64,
Uganda,1999,5998563257.94659,23257281.0,5.77736898687895,80.6,3.46,48.977,
Uganda,1998,6584815846.52754,22515806.0,0.0688041719983172,,3.424,48.263,
Uganda,1997,6269333313.17108,21856046.0,8.16902144106963,,3.209,48.026,
Uganda,1996,6044585326.938,21231550.0,7.19164660433344,78.5,3.169,47.759,
Uganda,1995,5755818842.49246,20665667.0,6.55014018970371,,3.193,47.706,
Uganda,1994,3990430446.71216,20108801.0,10.0367598792175,,3.458,47.675,
Uganda,1993,3220439044.18949,19445161.0,,,3.487,47.681,
Uganda,1992,2857457761.90922,18785032.0,,79.9,3.553,47.671,
Uganda,1991,3321729159.62277,18155901.0,,,3.448,47.549,56.1100006103516
Uganda,1990,4304399310.30967,17569897.0,,,,47.561,
Uganda,1989,5276480799.33868,17010698.0,,72.8,,47.488,
Uganda,1988,6508931651.66667,16470483.0,,,,47.476,
Uganda,1987,6269522042.11556,15954170.0,,,,47.36,
Uganda,1986,3923244049.95796,15467579.0,,,,45.651,
Uganda,1985,3519695443.52516,15023681.0,,,,45.496,
Uganda,1984,3615647477.05434,14607677.0,,,,43.706,
Uganda,1983,2240333333.33333,14221881.0,,,,43.489,
Uganda,1982,2177500000.0,13873631.0,,,,43.309,
Uganda,1981,1337300000.0,13556452.0,,,,43.456,
Uganda,1980,1244610000.0,13275741.0,,,,43.453,
Uganda,1979,2139025000.0,13002163.0,,,,45.385,
Uganda,1978,2420260869.56522,12692113.0,,,,45.596,
Uganda,1977,2936470588.23529,12359669.0,,,,45.84,
Uganda,1976,2447300000.0,12037294.0,,,,46.169,
Uganda,1975,2359555555.55556,11725240.0,,,,46.517,
Uganda,1974,2098944967.20844,11424846.0,,,,46.861,
Uganda,1973,1701829789.02127,11144236.0,,,,46.992,
Uganda,1972,1490970180.59639,10885796.0,,,,47.162,
Uganda,1971,1417191656.16688,10618206.0,,,,47.147,
Uganda,1970,1259554808.90382,10321603.0,,,,49.621,
Uganda,1969,1168556628.86742,10014858.0,,,,49.505,
Uganda,1968,1037379252.41495,9708632.0,,,,49.285,
Uganda,1967,967240655.186896,9408924.0,,,,49.006,
Uganda,1966,925381492.370153,9122864.0,,,,48.463,
Uganda,1965,884502309.953801,8849203.0,,,,48.303,
Uganda,1964,589247687.30035,8586363.0,,,,47.846,
Uganda,1963,516315231.449087,8333663.0,,,,47.378,
Uganda,1962,449158233.391351,8092231.0,,,,46.821,
Uganda,1961,441667334.611947,7862217.0,,,,46.271,
Uganda,1960,423145605.043164,7640973.0,,,,45.633,
South Africa,2025,427184325997.307,64747319.0,3.20550474112603,,32.391,,
South Africa,2024,401144998373.585,64007187.0,4.36115246518962,,32.279,66.312,91.1500015258789
South Africa,2023,381440724491.232,63212384.0,6.0752438457966,,32.098,66.139,
South Africa,2022,407596043067.885,62378410.0,7.03987272546482,17.4,33.268,65.454,
South Africa,2021,419986284375.368,61502603.0,4.61874544887136,,34.007,62.01,90.0
South Africa,2020,337974655408.055,60562381.0,3.23238831615113,,29.217,65.15,
South Africa,2019,389330032224.269,59587885.0,4.10285075461156,,28.468,66.071,95.0199966430664
South Africa,2018,405260723892.517,58613001.0,4.50987264867388,,26.906,65.726,
South Africa,2017,381448814653.456,57635162.0,5.18618655524149,,27.035,65.422,
South Africa,2016,323585509674.481,57259551.0,6.60290842394872,,26.536,64.749,91.7399978637695
South Africa,2015,346709790458.563,56723537.0,4.51869094892506,,25.149,64.053,94.370002746582
South Africa,2014,381198869776.106,55594838.0,6.13282953059149,27.9,24.89,63.184,94.1399993896484
South Africa,2013,400886013595.573,54678791.0,5.78016910069176,,24.561,62.388,
South Africa,2012,434400545085.811,53782567.0,5.73797139141739,,24.727,61.737,93.7300033569336
South Africa,2011,458199494830.834,52995205.0,5.0008533879502,,24.639,60.602,93.0999984741211
South Africa,2010,417363822801.713,52344051.0,4.06749555950263,27.8,24.683,58.886,92.879997253418
South Africa,2009,329754060647.129,51728516.0,7.23809523809527,,23.523,57.413,92.8899993896484
South Africa,2008,316131258616.309,51114599.0,9.90998456005467,37.0,22.407,55.982,
South Africa,2007,333077117253.684,50528584.0,6.17781214809388,,22.26,54.948,88.7200012207031
South Africa,2006,303858675363.643,49998277.0,3.2439076541923,,22.304,54.22,
South Africa,2005,288867217196.534,49490033.0,2.06285308223427,40.7,22.472,53.914,
South Africa,2004,255806908594.573,48991421.0,-0.692039437857687,,22.567,53.963,
South Africa,2003,197018965308.697,48500348.0,5.67942414068799,,22.679,54.245,
South Africa,2002,129087556612.449,48019415.0,9.494713780996,,22.579,55.58,
South Africa,2001,135429905922.526,47566800.0,5.70189483049608,,22.652,57.161,
South Africa,2000,151752757215.309,47159719.0,5.33895913599828,47.9,22.788,58.368,
South Africa,1999,151516957078.536,46730335.0,5.18148905111697,,22.884,59.19,
South Africa,1998,152982984557.233,46223880.0,6.88054521037351,,22.739,59.912,
South Africa,1997,168978057327.73,45666838.0,8.59777611252274,,22.549,60.538,
South Africa,1996,163234925380.563,45123018.0,7.35411972085333,,22.5,61.079,82.4000015258789
South Africa,1995,171735933897.331,44541554.0,8.68042421392631,,22.705,61.603,
South Africa,1994,153512712381.836,44004139.0,8.938563723594,,23.067,62.069,
South Africa,1993,147194747565.75,43297156.0,9.71742729803028,44.6,23.361,62.618,
South Africa,1992,146956150986.636,42443509.0,13.874703748615,,23.463,62.839,
South Africa,1991,135203698237.977,41687898.0,15.3347785733672,,23.137,62.983,
South Africa,1990,126048140141.869,40746268.0,14.3209918914915,,,62.942,
South Africa,1989,108055624081.806,39628575.0,14.7308753982381,,,63.017,
South Africa,1988,103976831870.957,38480649.0,12.779553083028,,,62.902,
South Africa,1987,96535763418.3729,37326190.0,16.1605948546791,,,62.694,
South Africa,1986,73354771399.2627,36180515.0,18.6549230388755,,,62.421,
South Africa,1985,64459376086.6883,35042093.0,16.2942252426421,,,62.195,
South Africa,1984,84870163365.9306,33892788.0,11.526481434496,,,61.837,
South Africa,1983,96204110941.5672,32739304.0,12.3032053006006,,,61.393,
South Africa,1982,85904057409.3585,31615339.0,14.6390405853128,,,60.936,
South Africa,1981,93141472163.7596,30541044.0,15.2542337674194,,,60.445,
South Africa,1980,89411864402.4272,29518857.0,13.6602404681115,,,59.961,76.1999969482422
South Africa,1979,63038658088.9121,28634162.0,13.2936624628059,,,59.472,
South Africa,1978,51607412901.8532,27869507.0,11.1356088829565,,,58.991,
South Africa,1977,45328411332.1028,27118952.0,11.15195783193,,,58.48,
South Africa,1976,41150460287.6151,26395450.0,11.0204105892452,,,58.0,
South Africa,1975,42906905672.42,25690940.0,13.4259248530376,,,57.591,
South Africa,1974,41389186094.5992,24989108.0,11.7241315190611,,,57.11,
South Africa,1973,33262772008.1446,24294263.0,9.43398376978394,,,56.72,
South Africa,1972,24515919216.8851,23609456.0,6.42567638879175,,,56.377,
South Africa,1971,23411076638.279,22942143.0,5.95742085213486,,,56.02,
South Africa,1970,21218391512.6434,22279984.0,4.99192455435617,,,55.681,
South Africa,1969,19256992297.2031,21614676.0,3.23821721585667,,,55.44,
South Africa,1968,17124793150.0827,20957287.0,1.98613362103222,,,55.191,
South Africa,1967,15821393671.4425,20314066.0,3.53896580236233,,,54.955,
South Africa,1966,14211394315.4423,19690087.0,3.48923715385175,,,54.731,
South Africa,1965,13068994772.4021,19089380.0,4.06901853294584,,,54.427,
South Africa,1964,11955995217.6019,18511361.0,2.53498854234898,,,54.215,
South Africa,1963,10854195658.3217,17954564.0,1.33797064490693,,,53.895,
South Africa,1962,9813996074.40157,17418522.0,1.24627519965495,,,53.566,
South Africa,1961,9225996309.60148,16908035.0,2.10235059955978,,,53.067,
South Africa,1960,8748596500.5614,16440172.0,1.28887692687992,,,52.575,
Zambia,2025,28879806220.1264,21913874.0,13.9099095827735,,5.918,,
Zambia,2024,25303185342.2511,21314956.0,14.9856262747939,,5.898,66.528,71.7699966430664
Zambia,2023,27577956471.244,20723965.0,10.884531691282,,5.861,66.349,
Zambia,2022,29163782140.4858,20152938.0,10.9932039209136,71.7,5.993,65.279,79.9841479741156
Zambia,2021,22096416932.0089,19603607.0,22.0207676245777,,5.197,62.363,79.9494621864846
Zambia,2020,18137764930.651,19059395.0,15.7330604721369,,6.032,63.361,81.7530087399265
Zambia,2019,23308667781.2258,18513839.0,9.15031644316296,,5.538,62.914,
Zambia,2018,26311507273.6735,17973569.0,7.4945719272852,,5.032,62.138,71.129997253418
Zambia,2017,25873601260.8353,17441320.0,6.57731154205644,,4.529,61.564,
Zambia,2016,20958412538.3093,16914423.0,17.8697300795268,,5.244,61.129,
Zambia,2015,21251216798.7762,16399089.0,10.1105928909618,67.9,5.951,60.728,
Zambia,2014,27141023558.0829,15895315.0,7.80687553566333,,6.576,60.109,
Zambia,2013,28037239462.7142,15398997.0,6.97767605490307,,7.272,59.445,
Zambia,2012,25503060420.026,14913629.0,6.57589970757698,,7.85,58.704,
Zambia,2011,23459515275.5776,14437796.0,6.4293968107234,,10.548,57.843,
Zambia,2010,20265559483.8548,13965594.0,8.50176133365265,71.4,13.19,56.896,83.1399993896484
Zambia,2009,15328342303.9575,13490389.0,13.3952546325895,,10.583,55.886,
Zambia,2008,17910858637.9048,13021324.0,12.4455793463192,,7.93,54.835,
Zambia,2007,14056957976.2648,12565085.0,10.6573496000153,,10.559,53.73,
Zambia,2006,12756858899.2812,12129553.0,9.01957247226486,72.0,13.229,52.693,
Zambia,2005,8331870169.14977,11718819.0,18.324439701174,,15.9,51.615,
Zambia,2004,6221110219.45542,11338198.0,17.9677891087286,68.9,15.332,50.54,
Zambia,2003,4901869764.05957,10983595.0,21.4015783901995,,14.704,49.616,
Zambia,2002,4193850445.42632,10647949.0,22.2333446430947,68.0,14.131,48.461,69.1500015258789
Zambia,2001,4094441301.21423,10325185.0,21.3937821792546,,13.404,47.408,
Zambia,2000,3600632111.41414,10017631.0,26.0304117888121,,12.93,46.577,
Zambia,1999,3404284890.5306,9740005.0,26.7876966790029,,12.498,45.924,68.0
Zambia,1998,3537741941.89367,9482408.0,24.4584563516656,56.6,12.0,45.709,
Zambia,1997,4303288479.7086,9237063.0,24.4187215689412,,13.273,45.743,
Zambia,1996,3597220962.00017,9004053.0,43.0730979982882,56.1,15.3,45.757,
Zambia,1995,3806983413.16416,8785763.0,34.9295874166667,,16.834,46.051,
Zambia,1994,3656806165.78848,8576269.0,54.6013218413016,,18.689,46.344,
Zambia,1993,3273505343.85539,8373921.0,183.312041464393,67.1,19.7,46.678,
Zambia,1992,3182810841.01704,8176680.0,165.70652700999,,19.568,46.968,
Zambia,1991,3376806697.1218,7981650.0,97.6423231742383,63.0,18.9,47.443,
Zambia,1990,3288381797.32415,7786169.0,107.023809523808,,,48.204,65.0
Zambia,1989,3994673161.02649,7589216.0,123.40425531915,,,48.882,
Zambia,1988,3728878148.80792,7391440.0,51.0040160642574,,,49.674,
Zambia,1987,2265250972.34879,7191282.0,47.0472440944876,,,50.421,
Zambia,1986,1664413508.09853,6986471.0,55.8282208588966,,,51.149,
Zambia,1985,2252454500.14896,6780953.0,,,,52.001,
Zambia,1984,2719518932.99541,6580490.0,,,,52.877,
Zambia,1983,3321048451.15171,6381038.0,,,,53.674,
Zambia,1982,3871117092.86676,6178637.0,,,,54.361,
Zambia,1981,4008126497.36464,5983289.0,,,,54.986,
Zambia,1980,3884530853.76162,5802833.0,,,,55.496,
Zambia,1979,3353445378.15126,5631728.0,,,,56.05,
Zambia,1978,2811032472.93922,5465374.0,,,,56.335,
Zambia,1977,2515296939.60686,5302480.0,,,,56.281,
Zambia,1976,2742859262.9794,5143842.0,,,,56.102,
Zambia,1975,2442672140.947,4990086.0,,,,55.742,
Zambia,1974,2910981262.10018,4842746.0,,,,55.377,
Zambia,1973,2434255236.99935,4702693.0,,,,54.913,
Zambia,1972,1872416680.07912,4569309.0,,,,54.375,
Zambia,1971,1653259341.29113,4442525.0,,,,53.887,
Zambia,1970,1788779285.2038,4321718.0,,,,53.404,
Zambia,1969,1926399230.21087,4197116.0,,,,53.044,
Zambia,1968,1573739371.13375,4065593.0,,,,52.719,
Zambia,1967,1340639464.28047,3936343.0,,,,52.512,
Zambia,1966,1238999504.8958,3812003.0,,,,52.29,
Zambia,1965,1061199575.94465,3692086.0,,,,52.079,
Zambia,1964,822639671.273187,3577017.0,,,,51.17,
Zambia,1963,704339718.545848,3465907.0,,,,51.605,
Zambia,1962,679279728.55982,3358099.0,,,,51.331,
Zambia,1961,682359727.329053,3254086.0,,,,51.041,
Zambia,1960,698739720.783607,3153729.0,,,,50.648,
